id,question,ground_truth,llm_answer,rag_answer,retrieved_contexts,source_hint,llm_has_source,rag_has_source,llm_answer_length,rag_answer_length
1,근로계약서에 반드시 포함되어야 하는 항목은?,근로계약서에는 임금 근로시간 휴일 등 주요 근로조건이 명시되어야 한다,"근로계약서에는 다음과 같은 주요 항목들이 포함되어야 합니다:

1. **근로자와 사용자 정보**: 근로자의 이름, 주소, 연락처와 사용자의 회사명, 주소, 대표자명 등이 필요합니다.

2. **근로의 내용**: 근로자의 직무, 업무 내용, 근무 장소 등을 명시해야 합니다.

3. **근로시간**: 주당 근로시간, 근무일, 휴식시간 등을 포함해야 합니다.

4. **임금**: 기본급, 수당, 지급일, 지급 방법 등을 구체적으로 기재해야 합니다.

5. **근로계약 기간**: 계약의 시작일과 종료일, 또는 무기계약인지 여부를 명시해야 합니다.

6. **휴가 및 휴일**: 연차휴가, 병가, 공휴일 등의 규정도 포함되어야 합니다.

7. **퇴직 및 해고 조건**: 퇴직 절차, 해고 사유 및 통보 기간 등을 명시해야 합니다.

8. **기타 조건**: 비밀유지, 경쟁금지 조항 등 특별한 조건이 있을 경우 포함해야 합니다.

이 외에도 회사의 정책이나 규정에 따라 추가적인 항목이 필요할 수 있습니다. 근로계약서는 양 당사자가 이해하고 동의하는 내용을 바탕으로 작성되어야 하므로, 충분한 논의 후에 서명하는 것이 중요합니다.","근로계약서에 반드시 포함되어야 하는 항목은 다음과 같습니다:

1. 근로계약기간
2. 근무장소
3. 업무의 내용(직종)
4. 소정근로시간 및 휴게시간
5. 근무일/휴일
6. 임금 (일급, 월급, 시간급 등)
7. 연차유급휴가
8. 사회보험 적용여부
9. 근로계약서 교부
10. 근로계약, 취업규칙 등의 성실한 이행의무

이 항목들은 ""2025_개정_표준근로계약서_고용노동부"" 문서에서 확인할 수 있습니다. 공식 자료 기준으로 확인해야 할 항목입니다.","[""표준근로계약서(기간의 정함이 있는 경우)"", ""[문서명] 2025_개정_표준근로계약서_고용노동부\n[처리] RAG용 텍스트 정리본: BOM 제거, 탭 구분자 정리, 과도한 공백/빈 줄 정리\n\n표준근로계약서(기간의 정함이 없는 경우)"", ""(이하 \""사업주\""라 함)과(와) (이하 \""근로자\""라 함)은 다음과 같이 근로계약을 체결한다.\n1. 근로계약기간 : 년 월 일부터 년 월 일까지\n2. 근 무 장 소 :\n3. 업무의 내용(직종) :\n4. 소정근로시간 : 시 분 ~ 시 분 (1일 시간, 1주 시간)\n- 휴게시간 : 시 분 ~ 시 분, 시 분 ~ 시 분, 시 분 ~ 시 분\n5. 근무일/휴일 : 매주 일 근무(필요시, 근무요일 ), 주휴일 매주 요일(해당자에 한정함)\n- 공휴일(대체공휴일 포함)은 근로기준법이 정하는 바에 따르며, 근로자의 날은 유급휴일로 함\n※ 주휴일은 1주간 소정근로일을 모두 근로한 경우에 주당 1일을 유급으로 부여\n6. 임 금\n- 일(월, 시간)급 : 원\n- 상여금 : 있음 ( ) 원, 없음 ( )\n- 그 밖의 수당(약정수당) : 있음 [ ], 없음 [ ]\n· 원, 원\n· 원, 원\n- 임금지급일 : 매월(매주 또는 매일) 일(휴일의 경우는 전날 지급)\n- 지급방법 : 근로자에게 직접(현금)지급 [ ], 근로자 명의 계좌에 입금 [ ]\n7. 연차유급휴가 : 연차유급휴가는 근로기준법에서 정하는 바에 따라 부여함\n8. 사회보험 적용여부\n- 4대 사회보험(고용보험, 산재보험, 국민연금, 건강보험) 적용(가입)을 원칙으로 함\n※ (참고) 적용(가입) 예외에 해당하는 경우에는 적용(가입) 항목 등을 명확히 기재\n(예외 사유 해당 여부는 근로복지공단, 국민연금공단, 국민건강보험공단 누리집 참조)\n9. 근로계약서 교부"", ""(이하 \""사업주\""라 함)과(와) (이하 \""근로자\""라 함)은 다음과 같이 근로계약을 체결한다.\n1. 근로계약기간 : 년 월 일부터 년 월 일까지\n2. 근 무 장 소 :\n3. 업무의 내용 :\n4. 소정근로시간 : 시 분 ~ 시 분 (휴게 : 시 분 ~ 시 분) (1일 시간, 1주 시간)\n5. 근무일/휴일 : 매주 일 근무(필요시, 근무요일 ), 주휴일 매주 요일\n- 공휴일(대체공휴일 포함)은 근로기준법이 정하는 바에 따르며, 근로자의 날은 유급휴일로 함\n6. 임 금\n- 월(일, 시간)급 : 원\n- 상여금 : 있음 ( ) 원, 없음 ( )\n- 그 밖의 수당(약정수당) : 있음 [ ], 없음 [ ]\n· 원, 원\n· 원, 원\n- 임금지급일 : 매월(매주 또는 매일) 일(휴일의 경우는 전날 지급)\n- 지급방법 : 근로자에게 직접(현금)지급 [ ], 근로자 명의 계좌에 입금 [ ]\n7. 연차유급휴가\n- 연차유급휴가는 근로기준법에서 정하는 바에 따라 부여함\n8. 사회보험 적용여부\n- 4대 사회보험(고용보험, 산재보험, 국민연금, 건강보험) 적용(가입)을 원칙으로 함\n※ (참고) 적용(가입) 예외에 해당하는 경우에는 적용(가입) 항목 등을 명확히 기재\n(예외 사유 해당 여부는 근로복지공단, 국민연금공단, 국민건강보험공단 누리집 참조)\n9. 근로계약서 교부\n- 사업주는 근로계약을 체결함과 동시에 본 계약서를 사본하여 근로자의 교부요구와 관계없이 근로자에게 교부함(근로기준법 제17조 이행)\n10. 근로계약, 취업규칙 등의 성실한 이행의무""]",근로계약서 작성방법,True,True,575,251
2,2026년 적용 최저임금 시간급은 얼마인가?,2026년 적용 최저임금 시간급은 10320원이다,"최저임금은 매년 정부에서 결정되며, 2026년의 최저임금에 대한 구체적인 수치는 현재로서는 확인할 수 없습니다. 따라서 2026년 적용 최저임금에 대한 정보는 최신 공식 자료를 확인하시는 것이 좋습니다.","2026년 적용 최저임금 시간급은 10,320원입니다. 이는 2025년 대비 290원(2.9%) 인상된 금액입니다. 월 환산액은 2,156,880원(주 40시간, 월 209시간 기준)입니다. 이 정보는 ""2026_최저임금_확정고시_고용노동부"" 문서에서 확인할 수 있습니다.","[""[문서명] 2026_최저임금_확정고시_고용노동부\n[처리] RAG용 텍스트 정리본: BOM 제거, 탭 구분자 정리, 과도한 공백/빈 줄 정리\n\n고용노동부 | 보도자료\n보도시점 | 2025. 8. 5.(화) 09:00 | (2025. 8. 5.(화) 석간)\n2026년 적용 최저임금 시간급 10,320원\n- 올해 대비 290원(2.9%) 인상, 월 환산액은 2,156,880원(월 209시간 기준) - 2008년 이후 17년 만에 노사 합의로 결정\n고용노동부(장관 김영훈)는 8월 5일(화), 2026년도 적용 최저임금을 올해보다 290원, 2.9% 인상된 시간급 10,320원으로 확정‧고시했다. 이는 월 환산액 기준으로2,156,880원(주 40시간, 월 209시간 기준)이며, 업종 구분 없이 모든 사업장에 동일하게 적용된다.\n7월 18일부터 7월 28일까지 운영된 이의제기 기간 동안 제기된 이의는 없었다.\n김영훈 장관은 “결정된 최저임금이 현장에서 잘 지켜지도록 지도감독과 정책홍보를 강화하는 한편, 최저임금 제도가 본래 취지를 지키면서, 변화하는 노동시장과현장의 여건을 충실히 반영할 수 있도록 개선 방안을 모색해 나가겠다”라고 덧붙였다.\n담당 부서 | 근로기준정책관 | 책임자 | 과 장 | 김수진 | (044-202-7526)\n| 근로기준정책과 | 담당자 | 사무관 주무관 | 이승철 김형준 | (044-202-7555) (044-202-7535)\n붙임 | | 2026년 적용 최저임금 인포그래픽"", ""(이하 \""사업주\""라 함)과(와) (이하 \""근로자\""라 함)은 다음과 같이 근로계약을 체결한다.\n1. 근로개시일 : 년 월 일부터\n※ (참고) 근로계약기간을 정하는 경우에는 \"" 년 월 일부터 년 월 일까지\"" 등으로 기재\n2. 근 무 장 소 :\n3. 업무의 내용 :\n4. 소정근로시간 : 시 분 ~ 시 분 (휴게 : 시 분 ~ 시 분) (1일 시간, 1주 시간)\n※ (참고) 18세 미만인 자의 근로시간은 1일 7시간, 1주에 35시간을 초과하지 못함\n5. 근무일/휴일 : 매주 일 근무(필요시, 근무요일 ), 주휴일 매주 요일\n- 공휴일(대체공휴일 포함)은 근로기준법이 정하는 바에 따르며, 근로자의 날은 유급휴일로 함\n6. 임 금\n※ (참고) 연소근로자의 경우에도 고용노동부장관이 매년 고시하는 최저임금을 준수하여야 함\n- 월(일, 시간)급 : 원\n- 상여금 : 있음 ( ) 원, 없음 ( )\n- 그 밖의 수당(약정수당) : 있음 [ ], 없음 [ ]\n· 원, 원\n· 원, 원\n- 임금지급일 : 매월(매주 또는 매일) 일(휴일의 경우는 전날 지급)\n- 지급방법 : 근로자에게 직접(현금)지급 [ ], 근로자 명의 계좌에 입금 [ ]\n7. 연차유급휴가 : 근로기준법에서 정하는 바에 따라 부여함\n8. 가족관계증명서 및 동의서\n- 가족관계기록사항에 관한 증명서 제출 여부:\n- 친권자 또는 후견인의 동의서 구비 여부 :\n9. 사회보험 적용여부\n- 4대 사회보험(고용보험, 산재보험, 국민연금, 건강보험) 적용(가입)을 원칙으로 함\n※ (참고) 적용(가입) 예외에 해당하는 경우에는 적용(가입) 항목 등을 명확히 기재"", ""표준근로계약서(기간의 정함이 있는 경우)"", ""(이하 \""사업주\""라 함)과(와) (이하 \""근로자\""라 함)은 다음과 같이 근로계약을 체결한다.\n1. 근로계약기간 : 년 월 일부터 년 월 일까지\n2. 근 무 장 소 :\n3. 업무의 내용(직종) :\n4. 소정근로시간 : 시 분 ~ 시 분 (1일 시간, 1주 시간)\n- 휴게시간 : 시 분 ~ 시 분, 시 분 ~ 시 분, 시 분 ~ 시 분\n5. 근무일/휴일 : 매주 일 근무(필요시, 근무요일 ), 주휴일 매주 요일(해당자에 한정함)\n- 공휴일(대체공휴일 포함)은 근로기준법이 정하는 바에 따르며, 근로자의 날은 유급휴일로 함\n※ 주휴일은 1주간 소정근로일을 모두 근로한 경우에 주당 1일을 유급으로 부여\n6. 임 금\n- 일(월, 시간)급 : 원\n- 상여금 : 있음 ( ) 원, 없음 ( )\n- 그 밖의 수당(약정수당) : 있음 [ ], 없음 [ ]\n· 원, 원\n· 원, 원\n- 임금지급일 : 매월(매주 또는 매일) 일(휴일의 경우는 전날 지급)\n- 지급방법 : 근로자에게 직접(현금)지급 [ ], 근로자 명의 계좌에 입금 [ ]\n7. 연차유급휴가 : 연차유급휴가는 근로기준법에서 정하는 바에 따라 부여함\n8. 사회보험 적용여부\n- 4대 사회보험(고용보험, 산재보험, 국민연금, 건강보험) 적용(가입)을 원칙으로 함\n※ (참고) 적용(가입) 예외에 해당하는 경우에는 적용(가입) 항목 등을 명확히 기재\n(예외 사유 해당 여부는 근로복지공단, 국민연금공단, 국민건강보험공단 누리집 참조)\n9. 근로계약서 교부""]",2026 최저임금,True,True,113,152
3,휴게시간 확인이 필요한 근무 조건은?,근로시간이 4시간인 경우에는 30분 이상 8시간인 경우에는 1시간 이상의 휴게시간을 확인해야 한다,"휴게시간은 근로자의 건강과 안전을 위해 중요한 요소입니다. 일반적으로 휴게시간이 필요한 근무 조건은 다음과 같습니다:

1. **근무 시간**: 하루 근무 시간이 일정 시간 이상인 경우, 예를 들어 8시간 이상 근무할 때는 법적으로 휴게시간을 제공해야 합니다.

2. **연속 근무**: 연속적으로 근무하는 경우, 일정 시간마다 휴식을 취할 수 있도록 해야 합니다. 이는 근로자의 피로를 줄이고 생산성을 높이는 데 도움이 됩니다.

3. **야간 근무**: 야간에 근무하는 경우, 추가적인 휴게시간이 필요할 수 있습니다. 이는 근로자의 건강을 보호하기 위한 조치입니다.

4. **특정 산업**: 특정 산업이나 직종에서는 법적으로 정해진 휴게시간이 있을 수 있습니다. 예를 들어, 건설업이나 제조업 등에서 더 엄격한 규정이 적용될 수 있습니다.

각 기업이나 산업의 특성에 따라 다를 수 있으므로, 구체적인 사항은 관련 법령이나 회사의 근로계약서를 참고하는 것이 좋습니다. 최신 공식 자료 확인이 필요합니다.","휴게시간 확인이 필요한 근무 조건은 다음과 같습니다:

1. **근로시간**: 근로시간이 4시간 이상인 경우에는 휴게시간을 제공해야 합니다. 구체적으로, 근로시간이 4시간인 경우에는 30분 이상의 휴게시간을, 8시간인 경우에는 1시간 이상의 휴게시간을 근로시간 도중에 주어야 합니다(고용노동부 FAQ).

2. **자유로운 이용**: 휴게시간은 근로자가 자유롭게 이용할 수 있어야 합니다(고용노동부 FAQ).

따라서, 근로시간이 4시간 이상인 경우에는 반드시 휴게시간을 확인해야 하며, 이를 공식 자료 기준으로 확인해야 할 항목입니다. 

출처: [고용노동부 자주 하는 질문 - 법정 근로시간](https://www.moel.go.kr/faq/faqView.do?seqRepeat=63)","[""- 주휴일 : 일요일\n- 공휴일(대체공휴일 포함)은 근로기준법이 정하는 바에 따르며, 근로자의 날은 유급휴일로 함\n\nㅇ (예시④) 주 3일, 근로일별 근로시간이 다름\n\n월요일\n화요일\n수요일\n목요일\n금요일\n근로시간\n4시간\n-\n6시간\n-\n5시간\n업무 시작\n14시 00분\n-\n10시 00분\n-\n14시 00분\n업무 종료\n18시 30분\n-\n17시 00분\n-\n20시 00분\n휴게 시간\n16시 00분\n~ 16시 30분\n-\n13시 00분\n~ 14시 00분\n-\n18시 00분\n~ 19시 00분\n\n- 주휴일 : 일요일\n- 공휴일(대체공휴일 포함)은 근로기준법이 정하는 바에 따르며, 근로자의 날은 유급휴일로 함\n\n※ 주의사항\n- 기간제·단시간근로자 주요 근로조건 서면 명시 의무 위반 적발 시 과태료 부과\n(인당 500만원 이하)\n- 사용자가 업무량 변동 등을 이유로 일방적으로 근로시간을 조정하는 것은 허용되지 않으며, 소정근로시간을 변경하려면 근로자와의 합의가 있어야 함"", ""ㅇ (예시①) 주5일, 일 6시간(근로일별 근로시간 같음)\n- 근로일 : 주 5일, 근로시간 : 매 근로일 6시간, 근무요일 : 월, 화, 수, 목, 금\n- 업무 시작 시각 : 09시 00분, 업무 종료 시각 : 16시 00분\n- 휴게 시간 : 12시 00분부터 13시 00분까지\n- 주휴일 : 일요일\n- 공휴일(대체공휴일 포함)은 근로기준법이 정하는 바에 따르며, 근로자의 날은 유급휴일로 함\n\nㅇ (예시②) 주 2일, 일 4시간(근로일별 근로시간 같음)\n- 근로일 : 주 2일, 근로시간 : 매 근로일 4시간, 근무요일 : 토, 일\n- 업무 시작 시각 : 20시 00분, 업무 종료 시각 : 다음 날 0시 30분\n- 휴게 시간 : 22시 00분부터 22시 30분까지\n- 주휴일 : 해당 없음\n- 공휴일(대체공휴일 포함)은 근로기준법이 정하는 바에 따르며, 근로자의 날은 유급휴일로 함\n\nㅇ (예시③) 주 5일, 근로일별 근로시간이 다름\n\n월요일\n화요일\n수요일\n목요일\n금요일\n근로시간\n6시간\n3시간\n6시간\n3시간\n6시간\n업무 시작\n09시 00분\n09시 00분\n09시 00분\n09시 00분\n09시 00분\n업무 종료\n16시 00분\n12시 00분\n16시 00분\n12시 00분\n16시 00분\n휴게 시간\n12시 00분\n~ 13시 00분\n-\n12시 00분\n~ 13시 00분\n-\n12시 00분\n~ 13시 00분\n\n- 주휴일 : 일요일\n- 공휴일(대체공휴일 포함)은 근로기준법이 정하는 바에 따르며, 근로자의 날은 유급휴일로 함\n\nㅇ (예시④) 주 3일, 근로일별 근로시간이 다름"", ""문서명: 고용노동부 자주 하는 질문 - 법정 근로시간\n출처: 고용노동부 FAQ\nURL: https://www.moel.go.kr/faq/faqView.do?seqRepeat=63\n\n상시근로자 5인 이상인 사업장의 경우, 근로기준법 제50조에서 1주간의 근로시간은 휴게시간을 제외하고 40시간을 초과할 수 없고, 1일의 근로시간은 휴게시간을 제외하고 8시간을 초과할 수 없다고 규정하고 있다.\n\n근로기준법 제53조에서, 당사자 간에 합의하면 1주간에 12시간을 한도로 근로시간을 연장할 수 있다.\n\n근로기준법 제54조에서, 사용자는 근로시간이 4시간인 경우에는 30분 이상, 8시간인 경우에는 1시간 이상의 휴게시간을 근로시간 도중에 주어야 한다.\n\n휴게시간은 근로자가 자유롭게 이용할 수 있다."", ""단시간근로자 표준근로계약서\n\n(이하 \""사업주\""라 함)과(와) (이하 \""근로자\""라 함)은 다음과 같이 근로계약을 체결한다.\n1. 근로개시일 : 년 월 일부터\n※ 근로계약기간을 정하는 경우에는 \"" 년 월 일부터 년 월 일까지\"" 등으로 기재\n2. 근 무 장 소 :\n3. 업무의 내용 :\n4. 근로일 및 근로일별 근로시간\n\n( )요일\n( )요일\n( )요일\n( )요일\n( )요일\n( )요일\n근로시간\n시간\n시간\n시간\n시간\n시간\n시간\n업무 시작\n시 분\n시 분\n시 분\n시 분\n시 분\n시 분\n업무 종료\n시 분\n시 분\n시 분\n시 분\n시 분\n시 분\n휴게 시간\n시 분\n~ 시 분\n시 분\n~ 시 분\n시 분\n~ 시 분\n시 분\n~ 시 분\n시 분\n~ 시 분\n시 분\n~ 시 분""]",근로시간 휴게시간 FAQ,True,True,508,385
4,표준근로계약서에는 어떤 주요 항목이 포함되어 있는가?,표준근로계약서에는 근로개시일 또는 근로계약기간 근무장소 업무내용 소정근로시간 근무일과 휴일 임금 연차유급휴가 사회보험 적용여부 근로계약서 교부 등이 포함되어 있다,"표준근로계약서에는 일반적으로 다음과 같은 주요 항목이 포함됩니다:

1. **근로자 및 사용자 정보**: 근로자의 이름, 주소, 연락처와 사용자의 회사명, 주소, 대표자 정보 등이 포함됩니다.

2. **근로 조건**: 근무 시작일, 근무 장소, 근무 시간, 휴게 시간, 주당 근무일수 등이 명시됩니다.

3. **임금**: 기본급, 수당, 지급일, 임금 지급 방법 등이 포함되어야 합니다.

4. **근로 기간**: 계약의 유효 기간, 정규직인지 비정규직인지에 대한 정보가 포함됩니다.

5. **휴가 및 휴일**: 연차 유급휴가, 공휴일, 병가 등의 규정이 명시됩니다.

6. **퇴직 및 해고 조건**: 퇴직 절차, 해고 사유 및 통보 기간 등이 포함됩니다.

7. **기타 조건**: 비밀유지, 경쟁 금지 조항, 교육 및 훈련 관련 사항 등이 포함될 수 있습니다.

이 외에도 회사의 정책이나 특정 산업의 특성에 따라 추가적인 항목이 포함될 수 있습니다. 계약서를 작성할 때는 양측의 권리와 의무를 명확히 하는 것이 중요합니다.","표준근로계약서에는 다음과 같은 주요 항목이 포함되어 있습니다:

1. 근로계약기간
2. 근무장소
3. 업무의 내용(직종)
4. 소정근로시간 및 휴게시간
5. 근무일/휴일
6. 임금
   - 일(월, 시간)급
   - 상여금
   - 그 밖의 수당
   - 임금지급일 및 지급방법
7. 연차유급휴가
8. 사회보험 적용여부
9. 근로계약서 교부

이 항목들은 ""2025_개정_표준근로계약서_고용노동부"" 문서에서 확인할 수 있습니다. 공식 자료 기준으로 확인해야 할 항목입니다.","[""표준근로계약서(기간의 정함이 있는 경우)"", ""[문서명] 2025_개정_표준근로계약서_고용노동부\n[처리] RAG용 텍스트 정리본: BOM 제거, 탭 구분자 정리, 과도한 공백/빈 줄 정리\n\n표준근로계약서(기간의 정함이 없는 경우)"", ""연소근로자(18세 미만인 자) 표준근로계약서"", ""(이하 \""사업주\""라 함)과(와) (이하 \""근로자\""라 함)은 다음과 같이 근로계약을 체결한다.\n1. 근로계약기간 : 년 월 일부터 년 월 일까지\n2. 근 무 장 소 :\n3. 업무의 내용(직종) :\n4. 소정근로시간 : 시 분 ~ 시 분 (1일 시간, 1주 시간)\n- 휴게시간 : 시 분 ~ 시 분, 시 분 ~ 시 분, 시 분 ~ 시 분\n5. 근무일/휴일 : 매주 일 근무(필요시, 근무요일 ), 주휴일 매주 요일(해당자에 한정함)\n- 공휴일(대체공휴일 포함)은 근로기준법이 정하는 바에 따르며, 근로자의 날은 유급휴일로 함\n※ 주휴일은 1주간 소정근로일을 모두 근로한 경우에 주당 1일을 유급으로 부여\n6. 임 금\n- 일(월, 시간)급 : 원\n- 상여금 : 있음 ( ) 원, 없음 ( )\n- 그 밖의 수당(약정수당) : 있음 [ ], 없음 [ ]\n· 원, 원\n· 원, 원\n- 임금지급일 : 매월(매주 또는 매일) 일(휴일의 경우는 전날 지급)\n- 지급방법 : 근로자에게 직접(현금)지급 [ ], 근로자 명의 계좌에 입금 [ ]\n7. 연차유급휴가 : 연차유급휴가는 근로기준법에서 정하는 바에 따라 부여함\n8. 사회보험 적용여부\n- 4대 사회보험(고용보험, 산재보험, 국민연금, 건강보험) 적용(가입)을 원칙으로 함\n※ (참고) 적용(가입) 예외에 해당하는 경우에는 적용(가입) 항목 등을 명확히 기재\n(예외 사유 해당 여부는 근로복지공단, 국민연금공단, 국민건강보험공단 누리집 참조)\n9. 근로계약서 교부""]",2025 표준근로계약서,True,True,523,264
5,근로계약서 작성 시 임금 항목에 기재해야 할 내용은?,임금 항목에는 월급 일급 시간급 상여금 그 밖의 수당 임금지급일 지급방법 등을 기재해야 한다,"근로계약서 작성 시 임금 항목에 기재해야 할 내용은 다음과 같습니다:

1. **임금의 종류**: 기본급, 수당, 보너스 등 임금의 구성 요소를 명시해야 합니다.
2. **임금액**: 각 항목별로 구체적인 금액을 기재합니다.
3. **지급 주기**: 임금이 지급되는 주기(예: 월급, 주급 등)를 명시합니다.
4. **지급 방법**: 임금 지급 방식(예: 은행 이체, 현금 등)을 기재합니다.
5. **근로시간**: 임금이 적용되는 근로시간(예: 주 40시간 등)을 명시합니다.
6. **초과근무 수당**: 초과근무 시 지급되는 수당에 대한 내용도 포함해야 합니다.
7. **세금 및 공제**: 임금에서 공제되는 세금이나 기타 공제 항목에 대한 설명이 필요합니다.

이 외에도 회사의 정책이나 법적 요구사항에 따라 추가적인 내용이 필요할 수 있습니다. 계약서를 작성할 때는 항상 법적 요건을 충족하는지 확인하는 것이 중요합니다.","근로계약서 작성 시 임금 항목에 기재해야 할 내용은 다음과 같습니다:

1. **임금 형태**: 월급, 일급, 시간급 중 하나를 선택하여 기재해야 합니다.
2. **상여금**: 상여금이 있는 경우 금액을 기재하고, 없는 경우 '없음'으로 표시해야 합니다.
3. **그 밖의 수당(약정수당)**: 추가 수당이 있는 경우 해당 수당의 종류와 금액을 기재하고, 없는 경우 '없음'으로 표시해야 합니다.
4. **임금 지급일**: 임금이 지급되는 날짜를 명시해야 하며, 휴일의 경우 전날 지급한다고 기재해야 합니다.
5. **지급 방법**: 임금을 근로자에게 직접 지급하는 방법(현금) 또는 근로자 명의 계좌에 입금하는 방법 중 하나를 선택하여 기재해야 합니다.

이 내용은 ""2025_개정_표준근로계약서_고용노동부"" 문서에서 확인할 수 있습니다.","[""(이하 \""사업주\""라 함)과(와) (이하 \""근로자\""라 함)은 다음과 같이 근로계약을 체결한다.\n1. 근로개시일 : 년 월 일부터\n※ (참고) 근로계약기간을 정하는 경우에는 \"" 년 월 일부터 년 월 일까지\"" 등으로 기재\n2. 근 무 장 소 :\n3. 업무의 내용 :\n4. 소정근로시간 : 시 분 ~ 시 분 (휴게 : 시 분 ~ 시 분) (1일 시간, 1주 시간)\n※ (참고) 18세 미만인 자의 근로시간은 1일 7시간, 1주에 35시간을 초과하지 못함\n5. 근무일/휴일 : 매주 일 근무(필요시, 근무요일 ), 주휴일 매주 요일\n- 공휴일(대체공휴일 포함)은 근로기준법이 정하는 바에 따르며, 근로자의 날은 유급휴일로 함\n6. 임 금\n※ (참고) 연소근로자의 경우에도 고용노동부장관이 매년 고시하는 최저임금을 준수하여야 함\n- 월(일, 시간)급 : 원\n- 상여금 : 있음 ( ) 원, 없음 ( )\n- 그 밖의 수당(약정수당) : 있음 [ ], 없음 [ ]\n· 원, 원\n· 원, 원\n- 임금지급일 : 매월(매주 또는 매일) 일(휴일의 경우는 전날 지급)\n- 지급방법 : 근로자에게 직접(현금)지급 [ ], 근로자 명의 계좌에 입금 [ ]\n7. 연차유급휴가 : 근로기준법에서 정하는 바에 따라 부여함\n8. 가족관계증명서 및 동의서\n- 가족관계기록사항에 관한 증명서 제출 여부:\n- 친권자 또는 후견인의 동의서 구비 여부 :\n9. 사회보험 적용여부\n- 4대 사회보험(고용보험, 산재보험, 국민연금, 건강보험) 적용(가입)을 원칙으로 함\n※ (참고) 적용(가입) 예외에 해당하는 경우에는 적용(가입) 항목 등을 명확히 기재"", ""(이하 \""사업주\""라 함)과(와) (이하 \""근로자\""라 함)은 다음과 같이 근로계약을 체결한다.\n1. 근로계약기간 : 년 월 일부터 년 월 일까지\n2. 근 무 장 소 :\n3. 업무의 내용(직종) :\n4. 소정근로시간 : 시 분 ~ 시 분 (1일 시간, 1주 시간)\n- 휴게시간 : 시 분 ~ 시 분, 시 분 ~ 시 분, 시 분 ~ 시 분\n5. 근무일/휴일 : 매주 일 근무(필요시, 근무요일 ), 주휴일 매주 요일(해당자에 한정함)\n- 공휴일(대체공휴일 포함)은 근로기준법이 정하는 바에 따르며, 근로자의 날은 유급휴일로 함\n※ 주휴일은 1주간 소정근로일을 모두 근로한 경우에 주당 1일을 유급으로 부여\n6. 임 금\n- 일(월, 시간)급 : 원\n- 상여금 : 있음 ( ) 원, 없음 ( )\n- 그 밖의 수당(약정수당) : 있음 [ ], 없음 [ ]\n· 원, 원\n· 원, 원\n- 임금지급일 : 매월(매주 또는 매일) 일(휴일의 경우는 전날 지급)\n- 지급방법 : 근로자에게 직접(현금)지급 [ ], 근로자 명의 계좌에 입금 [ ]\n7. 연차유급휴가 : 연차유급휴가는 근로기준법에서 정하는 바에 따라 부여함\n8. 사회보험 적용여부\n- 4대 사회보험(고용보험, 산재보험, 국민연금, 건강보험) 적용(가입)을 원칙으로 함\n※ (참고) 적용(가입) 예외에 해당하는 경우에는 적용(가입) 항목 등을 명확히 기재\n(예외 사유 해당 여부는 근로복지공단, 국민연금공단, 국민건강보험공단 누리집 참조)\n9. 근로계약서 교부"", ""[문서명] 2025_개정_표준근로계약서_고용노동부\n[처리] RAG용 텍스트 정리본: BOM 제거, 탭 구분자 정리, 과도한 공백/빈 줄 정리\n\n표준근로계약서(기간의 정함이 없는 경우)"", ""(이하 \""사업주\""라 함)과(와) (이하 \""근로자\""라 함)은 다음과 같이 근로계약을 체결한다.\n1. 근로계약기간 : 년 월 일부터 년 월 일까지\n2. 근 무 장 소 :\n3. 업무의 내용 :\n4. 소정근로시간 : 시 분 ~ 시 분 (휴게 : 시 분 ~ 시 분) (1일 시간, 1주 시간)\n5. 근무일/휴일 : 매주 일 근무(필요시, 근무요일 ), 주휴일 매주 요일\n- 공휴일(대체공휴일 포함)은 근로기준법이 정하는 바에 따르며, 근로자의 날은 유급휴일로 함\n6. 임 금\n- 월(일, 시간)급 : 원\n- 상여금 : 있음 ( ) 원, 없음 ( )\n- 그 밖의 수당(약정수당) : 있음 [ ], 없음 [ ]\n· 원, 원\n· 원, 원\n- 임금지급일 : 매월(매주 또는 매일) 일(휴일의 경우는 전날 지급)\n- 지급방법 : 근로자에게 직접(현금)지급 [ ], 근로자 명의 계좌에 입금 [ ]\n7. 연차유급휴가\n- 연차유급휴가는 근로기준법에서 정하는 바에 따라 부여함\n8. 사회보험 적용여부\n- 4대 사회보험(고용보험, 산재보험, 국민연금, 건강보험) 적용(가입)을 원칙으로 함\n※ (참고) 적용(가입) 예외에 해당하는 경우에는 적용(가입) 항목 등을 명확히 기재\n(예외 사유 해당 여부는 근로복지공단, 국민연금공단, 국민건강보험공단 누리집 참조)\n9. 근로계약서 교부\n- 사업주는 근로계약을 체결함과 동시에 본 계약서를 사본하여 근로자의 교부요구와 관계없이 근로자에게 교부함(근로기준법 제17조 이행)\n10. 근로계약, 취업규칙 등의 성실한 이행의무""]",2025 표준근로계약서,True,True,463,414
6,2026년 적용 최저임금으로 확정 고시된 시간급은 얼마인가?,고용노동부는 2026년 적용 최저임금을 시간급 10320원으로 확정 고시했다,"최저임금에 대한 구체적인 수치나 시행일은 변동이 있을 수 있으므로, 2026년 적용 최저임금에 대한 정보는 최신 공식 자료를 확인하는 것이 필요합니다. 관련 기관의 발표나 공식 웹사이트를 참고하시기 바랍니다.","2026년 적용 최저임금으로 확정 고시된 시간급은 10,320원입니다. 이는 2025년 대비 290원(2.9%) 인상된 금액입니다. (source_file: 2026_최저임금_확정고시_고용노동부)","[""[문서명] 2026_최저임금_확정고시_고용노동부\n[처리] RAG용 텍스트 정리본: BOM 제거, 탭 구분자 정리, 과도한 공백/빈 줄 정리\n\n고용노동부 | 보도자료\n보도시점 | 2025. 8. 5.(화) 09:00 | (2025. 8. 5.(화) 석간)\n2026년 적용 최저임금 시간급 10,320원\n- 올해 대비 290원(2.9%) 인상, 월 환산액은 2,156,880원(월 209시간 기준) - 2008년 이후 17년 만에 노사 합의로 결정\n고용노동부(장관 김영훈)는 8월 5일(화), 2026년도 적용 최저임금을 올해보다 290원, 2.9% 인상된 시간급 10,320원으로 확정‧고시했다. 이는 월 환산액 기준으로2,156,880원(주 40시간, 월 209시간 기준)이며, 업종 구분 없이 모든 사업장에 동일하게 적용된다.\n7월 18일부터 7월 28일까지 운영된 이의제기 기간 동안 제기된 이의는 없었다.\n김영훈 장관은 “결정된 최저임금이 현장에서 잘 지켜지도록 지도감독과 정책홍보를 강화하는 한편, 최저임금 제도가 본래 취지를 지키면서, 변화하는 노동시장과현장의 여건을 충실히 반영할 수 있도록 개선 방안을 모색해 나가겠다”라고 덧붙였다.\n담당 부서 | 근로기준정책관 | 책임자 | 과 장 | 김수진 | (044-202-7526)\n| 근로기준정책과 | 담당자 | 사무관 주무관 | 이승철 김형준 | (044-202-7555) (044-202-7535)\n붙임 | | 2026년 적용 최저임금 인포그래픽"", ""표준근로계약서(기간의 정함이 있는 경우)"", ""(이하 \""사업주\""라 함)과(와) (이하 \""근로자\""라 함)은 다음과 같이 근로계약을 체결한다.\n1. 근로개시일 : 년 월 일부터\n※ (참고) 근로계약기간을 정하는 경우에는 \"" 년 월 일부터 년 월 일까지\"" 등으로 기재\n2. 근 무 장 소 :\n3. 업무의 내용 :\n4. 소정근로시간 : 시 분 ~ 시 분 (휴게 : 시 분 ~ 시 분) (1일 시간, 1주 시간)\n※ (참고) 18세 미만인 자의 근로시간은 1일 7시간, 1주에 35시간을 초과하지 못함\n5. 근무일/휴일 : 매주 일 근무(필요시, 근무요일 ), 주휴일 매주 요일\n- 공휴일(대체공휴일 포함)은 근로기준법이 정하는 바에 따르며, 근로자의 날은 유급휴일로 함\n6. 임 금\n※ (참고) 연소근로자의 경우에도 고용노동부장관이 매년 고시하는 최저임금을 준수하여야 함\n- 월(일, 시간)급 : 원\n- 상여금 : 있음 ( ) 원, 없음 ( )\n- 그 밖의 수당(약정수당) : 있음 [ ], 없음 [ ]\n· 원, 원\n· 원, 원\n- 임금지급일 : 매월(매주 또는 매일) 일(휴일의 경우는 전날 지급)\n- 지급방법 : 근로자에게 직접(현금)지급 [ ], 근로자 명의 계좌에 입금 [ ]\n7. 연차유급휴가 : 근로기준법에서 정하는 바에 따라 부여함\n8. 가족관계증명서 및 동의서\n- 가족관계기록사항에 관한 증명서 제출 여부:\n- 친권자 또는 후견인의 동의서 구비 여부 :\n9. 사회보험 적용여부\n- 4대 사회보험(고용보험, 산재보험, 국민연금, 건강보험) 적용(가입)을 원칙으로 함\n※ (참고) 적용(가입) 예외에 해당하는 경우에는 적용(가입) 항목 등을 명확히 기재"", ""단시간근로자 표준근로계약서\n\n(이하 \""사업주\""라 함)과(와) (이하 \""근로자\""라 함)은 다음과 같이 근로계약을 체결한다.\n1. 근로개시일 : 년 월 일부터\n※ 근로계약기간을 정하는 경우에는 \"" 년 월 일부터 년 월 일까지\"" 등으로 기재\n2. 근 무 장 소 :\n3. 업무의 내용 :\n4. 근로일 및 근로일별 근로시간\n\n( )요일\n( )요일\n( )요일\n( )요일\n( )요일\n( )요일\n근로시간\n시간\n시간\n시간\n시간\n시간\n시간\n업무 시작\n시 분\n시 분\n시 분\n시 분\n시 분\n시 분\n업무 종료\n시 분\n시 분\n시 분\n시 분\n시 분\n시 분\n휴게 시간\n시 분\n~ 시 분\n시 분\n~ 시 분\n시 분\n~ 시 분\n시 분\n~ 시 분\n시 분\n~ 시 분\n시 분\n~ 시 분""]",2026 최저임금,True,True,116,109
7,근로시간이 4시간인 경우 필요한 휴게시간은?,근로시간이 4시간인 경우에는 30분 이상의 휴게시간을 근로시간 도중에 주어야 한다,"근로시간이 4시간인 경우, 법적으로 휴게시간을 제공할 의무는 없습니다. 일반적으로 4시간 이하의 근무에 대해서는 휴게시간을 따로 주지 않아도 되지만, 근로계약이나 회사의 정책에 따라 다를 수 있으니, 구체적인 사항은 해당 계약서나 회사의 규정을 확인하는 것이 좋습니다.","근로시간이 4시간인 경우, 근로기준법 제54조에 따라 최소 30분 이상의 휴게시간을 근로시간 도중에 주어야 합니다. 

따라서, 4시간 근로 시 필요한 휴게시간은 30분 이상입니다. 

이 내용은 ""고용노동부 자주 하는 질문 - 법정 근로시간"" 문서에서 확인할 수 있습니다 (source_file: README_근로시간_휴게시간_자료필요.txt).","[""- 주휴일 : 일요일\n- 공휴일(대체공휴일 포함)은 근로기준법이 정하는 바에 따르며, 근로자의 날은 유급휴일로 함\n\nㅇ (예시④) 주 3일, 근로일별 근로시간이 다름\n\n월요일\n화요일\n수요일\n목요일\n금요일\n근로시간\n4시간\n-\n6시간\n-\n5시간\n업무 시작\n14시 00분\n-\n10시 00분\n-\n14시 00분\n업무 종료\n18시 30분\n-\n17시 00분\n-\n20시 00분\n휴게 시간\n16시 00분\n~ 16시 30분\n-\n13시 00분\n~ 14시 00분\n-\n18시 00분\n~ 19시 00분\n\n- 주휴일 : 일요일\n- 공휴일(대체공휴일 포함)은 근로기준법이 정하는 바에 따르며, 근로자의 날은 유급휴일로 함\n\n※ 주의사항\n- 기간제·단시간근로자 주요 근로조건 서면 명시 의무 위반 적발 시 과태료 부과\n(인당 500만원 이하)\n- 사용자가 업무량 변동 등을 이유로 일방적으로 근로시간을 조정하는 것은 허용되지 않으며, 소정근로시간을 변경하려면 근로자와의 합의가 있어야 함"", ""문서명: 고용노동부 자주 하는 질문 - 법정 근로시간\n출처: 고용노동부 FAQ\nURL: https://www.moel.go.kr/faq/faqView.do?seqRepeat=63\n\n상시근로자 5인 이상인 사업장의 경우, 근로기준법 제50조에서 1주간의 근로시간은 휴게시간을 제외하고 40시간을 초과할 수 없고, 1일의 근로시간은 휴게시간을 제외하고 8시간을 초과할 수 없다고 규정하고 있다.\n\n근로기준법 제53조에서, 당사자 간에 합의하면 1주간에 12시간을 한도로 근로시간을 연장할 수 있다.\n\n근로기준법 제54조에서, 사용자는 근로시간이 4시간인 경우에는 30분 이상, 8시간인 경우에는 1시간 이상의 휴게시간을 근로시간 도중에 주어야 한다.\n\n휴게시간은 근로자가 자유롭게 이용할 수 있다."", ""ㅇ (예시①) 주5일, 일 6시간(근로일별 근로시간 같음)\n- 근로일 : 주 5일, 근로시간 : 매 근로일 6시간, 근무요일 : 월, 화, 수, 목, 금\n- 업무 시작 시각 : 09시 00분, 업무 종료 시각 : 16시 00분\n- 휴게 시간 : 12시 00분부터 13시 00분까지\n- 주휴일 : 일요일\n- 공휴일(대체공휴일 포함)은 근로기준법이 정하는 바에 따르며, 근로자의 날은 유급휴일로 함\n\nㅇ (예시②) 주 2일, 일 4시간(근로일별 근로시간 같음)\n- 근로일 : 주 2일, 근로시간 : 매 근로일 4시간, 근무요일 : 토, 일\n- 업무 시작 시각 : 20시 00분, 업무 종료 시각 : 다음 날 0시 30분\n- 휴게 시간 : 22시 00분부터 22시 30분까지\n- 주휴일 : 해당 없음\n- 공휴일(대체공휴일 포함)은 근로기준법이 정하는 바에 따르며, 근로자의 날은 유급휴일로 함\n\nㅇ (예시③) 주 5일, 근로일별 근로시간이 다름\n\n월요일\n화요일\n수요일\n목요일\n금요일\n근로시간\n6시간\n3시간\n6시간\n3시간\n6시간\n업무 시작\n09시 00분\n09시 00분\n09시 00분\n09시 00분\n09시 00분\n업무 종료\n16시 00분\n12시 00분\n16시 00분\n12시 00분\n16시 00분\n휴게 시간\n12시 00분\n~ 13시 00분\n-\n12시 00분\n~ 13시 00분\n-\n12시 00분\n~ 13시 00분\n\n- 주휴일 : 일요일\n- 공휴일(대체공휴일 포함)은 근로기준법이 정하는 바에 따르며, 근로자의 날은 유급휴일로 함\n\nㅇ (예시④) 주 3일, 근로일별 근로시간이 다름"", ""단시간근로자 표준근로계약서\n\n(이하 \""사업주\""라 함)과(와) (이하 \""근로자\""라 함)은 다음과 같이 근로계약을 체결한다.\n1. 근로개시일 : 년 월 일부터\n※ 근로계약기간을 정하는 경우에는 \"" 년 월 일부터 년 월 일까지\"" 등으로 기재\n2. 근 무 장 소 :\n3. 업무의 내용 :\n4. 근로일 및 근로일별 근로시간\n\n( )요일\n( )요일\n( )요일\n( )요일\n( )요일\n( )요일\n근로시간\n시간\n시간\n시간\n시간\n시간\n시간\n업무 시작\n시 분\n시 분\n시 분\n시 분\n시 분\n시 분\n업무 종료\n시 분\n시 분\n시 분\n시 분\n시 분\n시 분\n휴게 시간\n시 분\n~ 시 분\n시 분\n~ 시 분\n시 분\n~ 시 분\n시 분\n~ 시 분\n시 분\n~ 시 분\n시 분\n~ 시 분""]",근로시간 휴게시간 FAQ,True,True,150,194
8,근로계약서에 근로시간을 어떻게 기재해야 하나?,"근로계약서에는 소정근로시간, 1일·1주 근로시간, 휴게시간을 명확히 기재해야 한다","근로계약서에 근로시간을 기재할 때는 다음과 같은 사항을 포함하는 것이 좋습니다:

1. **근로시간의 시작과 종료**: 근무 시작 시간과 종료 시간을 명확히 기재합니다. 예를 들어, ""월요일부터 금요일까지 오전 9시부터 오후 6시까지""와 같이 구체적으로 작성합니다.

2. **주간 근로시간**: 주당 근로시간을 명시합니다. 일반적으로 주 40시간이 기준이지만, 근로자의 근무 형태에 따라 다를 수 있습니다.

3. **휴식시간**: 근로 중에 제공되는 휴식시간을 명시합니다. 예를 들어, ""점심시간 1시간 포함""과 같이 기재할 수 있습니다.

4. **변동 가능성**: 근로시간이 변동될 수 있는 경우, 그에 대한 조건이나 절차를 설명합니다. 예를 들어, ""업무에 따라 근로시간이 조정될 수 있으며, 사전 통지를 통해 조정합니다""와 같은 내용을 포함할 수 있습니다.

5. **특별 근로시간**: 야간 근무나 주말 근무가 포함될 경우, 이에 대한 조건도 명시합니다.

이러한 내용을 포함하면 근로계약서가 보다 명확해지고, 근로자와 사용자 간의 이해를 돕는 데 도움이 됩니다.","근로계약서에 근로시간을 기재할 때는 다음과 같은 형식을 따라야 합니다:

1. **소정근로시간**: ""시 분 ~ 시 분"" 형식으로 기재하며, 하루와 주 단위의 근로시간을 명시해야 합니다.
2. **휴게시간**: ""시 분 ~ 시 분"" 형식으로 휴게시간을 기재합니다.

예를 들어, 근로계약서의 해당 항목은 다음과 같이 작성될 수 있습니다:
- 소정근로시간: 09:00 ~ 18:00 (1일 8시간, 1주 40시간)
- 휴게시간: 12:00 ~ 13:00

이와 같은 형식으로 근로시간을 기재하면 됩니다. (출처: 2025_개정_표준근로계약서_고용노동부.txt) 

공식 자료 기준으로 확인해야 할 항목이므로, 추가적인 세부사항은 관련 법령이나 지침을 참조하시기 바랍니다.","[""단시간근로자 표준근로계약서\n\n(이하 \""사업주\""라 함)과(와) (이하 \""근로자\""라 함)은 다음과 같이 근로계약을 체결한다.\n1. 근로개시일 : 년 월 일부터\n※ 근로계약기간을 정하는 경우에는 \"" 년 월 일부터 년 월 일까지\"" 등으로 기재\n2. 근 무 장 소 :\n3. 업무의 내용 :\n4. 근로일 및 근로일별 근로시간\n\n( )요일\n( )요일\n( )요일\n( )요일\n( )요일\n( )요일\n근로시간\n시간\n시간\n시간\n시간\n시간\n시간\n업무 시작\n시 분\n시 분\n시 분\n시 분\n시 분\n시 분\n업무 종료\n시 분\n시 분\n시 분\n시 분\n시 분\n시 분\n휴게 시간\n시 분\n~ 시 분\n시 분\n~ 시 분\n시 분\n~ 시 분\n시 분\n~ 시 분\n시 분\n~ 시 분\n시 분\n~ 시 분"", ""표준근로계약서(기간의 정함이 있는 경우)"", ""(이하 \""사업주\""라 함)과(와) (이하 \""근로자\""라 함)은 다음과 같이 근로계약을 체결한다.\n1. 근로계약기간 : 년 월 일부터 년 월 일까지\n2. 근 무 장 소 :\n3. 업무의 내용(직종) :\n4. 소정근로시간 : 시 분 ~ 시 분 (1일 시간, 1주 시간)\n- 휴게시간 : 시 분 ~ 시 분, 시 분 ~ 시 분, 시 분 ~ 시 분\n5. 근무일/휴일 : 매주 일 근무(필요시, 근무요일 ), 주휴일 매주 요일(해당자에 한정함)\n- 공휴일(대체공휴일 포함)은 근로기준법이 정하는 바에 따르며, 근로자의 날은 유급휴일로 함\n※ 주휴일은 1주간 소정근로일을 모두 근로한 경우에 주당 1일을 유급으로 부여\n6. 임 금\n- 일(월, 시간)급 : 원\n- 상여금 : 있음 ( ) 원, 없음 ( )\n- 그 밖의 수당(약정수당) : 있음 [ ], 없음 [ ]\n· 원, 원\n· 원, 원\n- 임금지급일 : 매월(매주 또는 매일) 일(휴일의 경우는 전날 지급)\n- 지급방법 : 근로자에게 직접(현금)지급 [ ], 근로자 명의 계좌에 입금 [ ]\n7. 연차유급휴가 : 연차유급휴가는 근로기준법에서 정하는 바에 따라 부여함\n8. 사회보험 적용여부\n- 4대 사회보험(고용보험, 산재보험, 국민연금, 건강보험) 적용(가입)을 원칙으로 함\n※ (참고) 적용(가입) 예외에 해당하는 경우에는 적용(가입) 항목 등을 명확히 기재\n(예외 사유 해당 여부는 근로복지공단, 국민연금공단, 국민건강보험공단 누리집 참조)\n9. 근로계약서 교부"", ""(이하 \""사업주\""라 함)과(와) (이하 \""근로자\""라 함)은 다음과 같이 근로계약을 체결한다.\n1. 근로개시일 : 년 월 일부터\n※ (참고) 근로계약기간을 정하는 경우에는 \"" 년 월 일부터 년 월 일까지\"" 등으로 기재\n2. 근 무 장 소 :\n3. 업무의 내용 :\n4. 소정근로시간 : 시 분 ~ 시 분 (휴게 : 시 분 ~ 시 분) (1일 시간, 1주 시간)\n※ (참고) 18세 미만인 자의 근로시간은 1일 7시간, 1주에 35시간을 초과하지 못함\n5. 근무일/휴일 : 매주 일 근무(필요시, 근무요일 ), 주휴일 매주 요일\n- 공휴일(대체공휴일 포함)은 근로기준법이 정하는 바에 따르며, 근로자의 날은 유급휴일로 함\n6. 임 금\n※ (참고) 연소근로자의 경우에도 고용노동부장관이 매년 고시하는 최저임금을 준수하여야 함\n- 월(일, 시간)급 : 원\n- 상여금 : 있음 ( ) 원, 없음 ( )\n- 그 밖의 수당(약정수당) : 있음 [ ], 없음 [ ]\n· 원, 원\n· 원, 원\n- 임금지급일 : 매월(매주 또는 매일) 일(휴일의 경우는 전날 지급)\n- 지급방법 : 근로자에게 직접(현금)지급 [ ], 근로자 명의 계좌에 입금 [ ]\n7. 연차유급휴가 : 근로기준법에서 정하는 바에 따라 부여함\n8. 가족관계증명서 및 동의서\n- 가족관계기록사항에 관한 증명서 제출 여부:\n- 친권자 또는 후견인의 동의서 구비 여부 :\n9. 사회보험 적용여부\n- 4대 사회보험(고용보험, 산재보험, 국민연금, 건강보험) 적용(가입)을 원칙으로 함\n※ (참고) 적용(가입) 예외에 해당하는 경우에는 적용(가입) 항목 등을 명확히 기재""]",근로계약서 작성방법,True,True,546,374
9,2026년 적용 최저임금은 모든 사업장에 동일하게 적용되는가?,2026년 적용 최저임금은 업종 구분 없이 모든 사업장에 동일하게 적용된다,"최저임금은 일반적으로 모든 사업장에 동일하게 적용되지만, 특정 업종이나 지역에 따라 차등 적용될 수 있는 경우도 있습니다. 예를 들어, 일부 업종에서는 최저임금이 다르게 설정될 수 있으며, 지역별로 생활비 차이를 반영한 최저임금이 적용될 수도 있습니다. 따라서 2026년의 최저임금에 대한 구체적인 사항은 최신 공식 자료를 확인하는 것이 좋습니다.","2026년 적용 최저임금은 업종 구분 없이 모든 사업장에 동일하게 적용됩니다. 이는 2026년도 적용 최저임금이 시간급 10,320원으로 확정되었으며, 모든 사업장에 동일하게 적용된다는 내용이 포함되어 있습니다. (source_file: 2026_최저임금_확정고시_고용노동부) 

공식 자료 기준으로 확인해야 할 항목입니다.","[""[문서명] 2026_최저임금_확정고시_고용노동부\n[처리] RAG용 텍스트 정리본: BOM 제거, 탭 구분자 정리, 과도한 공백/빈 줄 정리\n\n고용노동부 | 보도자료\n보도시점 | 2025. 8. 5.(화) 09:00 | (2025. 8. 5.(화) 석간)\n2026년 적용 최저임금 시간급 10,320원\n- 올해 대비 290원(2.9%) 인상, 월 환산액은 2,156,880원(월 209시간 기준) - 2008년 이후 17년 만에 노사 합의로 결정\n고용노동부(장관 김영훈)는 8월 5일(화), 2026년도 적용 최저임금을 올해보다 290원, 2.9% 인상된 시간급 10,320원으로 확정‧고시했다. 이는 월 환산액 기준으로2,156,880원(주 40시간, 월 209시간 기준)이며, 업종 구분 없이 모든 사업장에 동일하게 적용된다.\n7월 18일부터 7월 28일까지 운영된 이의제기 기간 동안 제기된 이의는 없었다.\n김영훈 장관은 “결정된 최저임금이 현장에서 잘 지켜지도록 지도감독과 정책홍보를 강화하는 한편, 최저임금 제도가 본래 취지를 지키면서, 변화하는 노동시장과현장의 여건을 충실히 반영할 수 있도록 개선 방안을 모색해 나가겠다”라고 덧붙였다.\n담당 부서 | 근로기준정책관 | 책임자 | 과 장 | 김수진 | (044-202-7526)\n| 근로기준정책과 | 담당자 | 사무관 주무관 | 이승철 김형준 | (044-202-7555) (044-202-7535)\n붙임 | | 2026년 적용 최저임금 인포그래픽"", ""(이하 \""사업주\""라 함)과(와) (이하 \""근로자\""라 함)은 다음과 같이 근로계약을 체결한다.\n1. 근로개시일 : 년 월 일부터\n※ (참고) 근로계약기간을 정하는 경우에는 \"" 년 월 일부터 년 월 일까지\"" 등으로 기재\n2. 근 무 장 소 :\n3. 업무의 내용 :\n4. 소정근로시간 : 시 분 ~ 시 분 (휴게 : 시 분 ~ 시 분) (1일 시간, 1주 시간)\n※ (참고) 18세 미만인 자의 근로시간은 1일 7시간, 1주에 35시간을 초과하지 못함\n5. 근무일/휴일 : 매주 일 근무(필요시, 근무요일 ), 주휴일 매주 요일\n- 공휴일(대체공휴일 포함)은 근로기준법이 정하는 바에 따르며, 근로자의 날은 유급휴일로 함\n6. 임 금\n※ (참고) 연소근로자의 경우에도 고용노동부장관이 매년 고시하는 최저임금을 준수하여야 함\n- 월(일, 시간)급 : 원\n- 상여금 : 있음 ( ) 원, 없음 ( )\n- 그 밖의 수당(약정수당) : 있음 [ ], 없음 [ ]\n· 원, 원\n· 원, 원\n- 임금지급일 : 매월(매주 또는 매일) 일(휴일의 경우는 전날 지급)\n- 지급방법 : 근로자에게 직접(현금)지급 [ ], 근로자 명의 계좌에 입금 [ ]\n7. 연차유급휴가 : 근로기준법에서 정하는 바에 따라 부여함\n8. 가족관계증명서 및 동의서\n- 가족관계기록사항에 관한 증명서 제출 여부:\n- 친권자 또는 후견인의 동의서 구비 여부 :\n9. 사회보험 적용여부\n- 4대 사회보험(고용보험, 산재보험, 국민연금, 건강보험) 적용(가입)을 원칙으로 함\n※ (참고) 적용(가입) 예외에 해당하는 경우에는 적용(가입) 항목 등을 명확히 기재"", ""(이하 \""사업주\""라 함)과(와) (이하 \""근로자\""라 함)은 다음과 같이 근로계약을 체결한다.\n1. 근로계약기간 : 년 월 일부터 년 월 일까지\n2. 근 무 장 소 :\n3. 업무의 내용(직종) :\n4. 소정근로시간 : 시 분 ~ 시 분 (1일 시간, 1주 시간)\n- 휴게시간 : 시 분 ~ 시 분, 시 분 ~ 시 분, 시 분 ~ 시 분\n5. 근무일/휴일 : 매주 일 근무(필요시, 근무요일 ), 주휴일 매주 요일(해당자에 한정함)\n- 공휴일(대체공휴일 포함)은 근로기준법이 정하는 바에 따르며, 근로자의 날은 유급휴일로 함\n※ 주휴일은 1주간 소정근로일을 모두 근로한 경우에 주당 1일을 유급으로 부여\n6. 임 금\n- 일(월, 시간)급 : 원\n- 상여금 : 있음 ( ) 원, 없음 ( )\n- 그 밖의 수당(약정수당) : 있음 [ ], 없음 [ ]\n· 원, 원\n· 원, 원\n- 임금지급일 : 매월(매주 또는 매일) 일(휴일의 경우는 전날 지급)\n- 지급방법 : 근로자에게 직접(현금)지급 [ ], 근로자 명의 계좌에 입금 [ ]\n7. 연차유급휴가 : 연차유급휴가는 근로기준법에서 정하는 바에 따라 부여함\n8. 사회보험 적용여부\n- 4대 사회보험(고용보험, 산재보험, 국민연금, 건강보험) 적용(가입)을 원칙으로 함\n※ (참고) 적용(가입) 예외에 해당하는 경우에는 적용(가입) 항목 등을 명확히 기재\n(예외 사유 해당 여부는 근로복지공단, 국민연금공단, 국민건강보험공단 누리집 참조)\n9. 근로계약서 교부"", ""단시간근로자 표준근로계약서\n\n(이하 \""사업주\""라 함)과(와) (이하 \""근로자\""라 함)은 다음과 같이 근로계약을 체결한다.\n1. 근로개시일 : 년 월 일부터\n※ 근로계약기간을 정하는 경우에는 \"" 년 월 일부터 년 월 일까지\"" 등으로 기재\n2. 근 무 장 소 :\n3. 업무의 내용 :\n4. 근로일 및 근로일별 근로시간\n\n( )요일\n( )요일\n( )요일\n( )요일\n( )요일\n( )요일\n근로시간\n시간\n시간\n시간\n시간\n시간\n시간\n업무 시작\n시 분\n시 분\n시 분\n시 분\n시 분\n시 분\n업무 종료\n시 분\n시 분\n시 분\n시 분\n시 분\n시 분\n휴게 시간\n시 분\n~ 시 분\n시 분\n~ 시 분\n시 분\n~ 시 분\n시 분\n~ 시 분\n시 분\n~ 시 분\n시 분\n~ 시 분""]",2026 최저임금,True,True,194,181
10,근로시간이 8시간인 경우 필요한 휴게시간은?,근로시간이 8시간인 경우에는 1시간 이상의 휴게시간을 근로시간 도중에 주어야 한다,"근로시간이 8시간인 경우, 일반적으로 법적으로 요구되는 휴게시간은 1시간입니다. 즉, 8시간 근무 시 최소 1시간의 휴게시간을 제공해야 합니다. 다만, 구체적인 사항은 근로계약서나 회사의 내부 규정에 따라 다를 수 있으니, 해당 내용을 확인하는 것이 좋습니다.","근로시간이 8시간인 경우, 근로기준법 제54조에 따라 사용자는 1시간 이상의 휴게시간을 근로시간 도중에 주어야 합니다. 따라서, 8시간 근로 시 필요한 휴게시간은 최소 1시간입니다. 

이 내용은 ""고용노동부 자주 하는 질문 - 법정 근로시간"" 문서에서 확인할 수 있습니다 (source_file: README_근로시간_휴게시간_자료필요.txt).","[""- 주휴일 : 일요일\n- 공휴일(대체공휴일 포함)은 근로기준법이 정하는 바에 따르며, 근로자의 날은 유급휴일로 함\n\nㅇ (예시④) 주 3일, 근로일별 근로시간이 다름\n\n월요일\n화요일\n수요일\n목요일\n금요일\n근로시간\n4시간\n-\n6시간\n-\n5시간\n업무 시작\n14시 00분\n-\n10시 00분\n-\n14시 00분\n업무 종료\n18시 30분\n-\n17시 00분\n-\n20시 00분\n휴게 시간\n16시 00분\n~ 16시 30분\n-\n13시 00분\n~ 14시 00분\n-\n18시 00분\n~ 19시 00분\n\n- 주휴일 : 일요일\n- 공휴일(대체공휴일 포함)은 근로기준법이 정하는 바에 따르며, 근로자의 날은 유급휴일로 함\n\n※ 주의사항\n- 기간제·단시간근로자 주요 근로조건 서면 명시 의무 위반 적발 시 과태료 부과\n(인당 500만원 이하)\n- 사용자가 업무량 변동 등을 이유로 일방적으로 근로시간을 조정하는 것은 허용되지 않으며, 소정근로시간을 변경하려면 근로자와의 합의가 있어야 함"", ""문서명: 고용노동부 자주 하는 질문 - 법정 근로시간\n출처: 고용노동부 FAQ\nURL: https://www.moel.go.kr/faq/faqView.do?seqRepeat=63\n\n상시근로자 5인 이상인 사업장의 경우, 근로기준법 제50조에서 1주간의 근로시간은 휴게시간을 제외하고 40시간을 초과할 수 없고, 1일의 근로시간은 휴게시간을 제외하고 8시간을 초과할 수 없다고 규정하고 있다.\n\n근로기준법 제53조에서, 당사자 간에 합의하면 1주간에 12시간을 한도로 근로시간을 연장할 수 있다.\n\n근로기준법 제54조에서, 사용자는 근로시간이 4시간인 경우에는 30분 이상, 8시간인 경우에는 1시간 이상의 휴게시간을 근로시간 도중에 주어야 한다.\n\n휴게시간은 근로자가 자유롭게 이용할 수 있다."", ""ㅇ (예시①) 주5일, 일 6시간(근로일별 근로시간 같음)\n- 근로일 : 주 5일, 근로시간 : 매 근로일 6시간, 근무요일 : 월, 화, 수, 목, 금\n- 업무 시작 시각 : 09시 00분, 업무 종료 시각 : 16시 00분\n- 휴게 시간 : 12시 00분부터 13시 00분까지\n- 주휴일 : 일요일\n- 공휴일(대체공휴일 포함)은 근로기준법이 정하는 바에 따르며, 근로자의 날은 유급휴일로 함\n\nㅇ (예시②) 주 2일, 일 4시간(근로일별 근로시간 같음)\n- 근로일 : 주 2일, 근로시간 : 매 근로일 4시간, 근무요일 : 토, 일\n- 업무 시작 시각 : 20시 00분, 업무 종료 시각 : 다음 날 0시 30분\n- 휴게 시간 : 22시 00분부터 22시 30분까지\n- 주휴일 : 해당 없음\n- 공휴일(대체공휴일 포함)은 근로기준법이 정하는 바에 따르며, 근로자의 날은 유급휴일로 함\n\nㅇ (예시③) 주 5일, 근로일별 근로시간이 다름\n\n월요일\n화요일\n수요일\n목요일\n금요일\n근로시간\n6시간\n3시간\n6시간\n3시간\n6시간\n업무 시작\n09시 00분\n09시 00분\n09시 00분\n09시 00분\n09시 00분\n업무 종료\n16시 00분\n12시 00분\n16시 00분\n12시 00분\n16시 00분\n휴게 시간\n12시 00분\n~ 13시 00분\n-\n12시 00분\n~ 13시 00분\n-\n12시 00분\n~ 13시 00분\n\n- 주휴일 : 일요일\n- 공휴일(대체공휴일 포함)은 근로기준법이 정하는 바에 따르며, 근로자의 날은 유급휴일로 함\n\nㅇ (예시④) 주 3일, 근로일별 근로시간이 다름"", ""단시간근로자 표준근로계약서\n\n(이하 \""사업주\""라 함)과(와) (이하 \""근로자\""라 함)은 다음과 같이 근로계약을 체결한다.\n1. 근로개시일 : 년 월 일부터\n※ 근로계약기간을 정하는 경우에는 \"" 년 월 일부터 년 월 일까지\"" 등으로 기재\n2. 근 무 장 소 :\n3. 업무의 내용 :\n4. 근로일 및 근로일별 근로시간\n\n( )요일\n( )요일\n( )요일\n( )요일\n( )요일\n( )요일\n근로시간\n시간\n시간\n시간\n시간\n시간\n시간\n업무 시작\n시 분\n시 분\n시 분\n시 분\n시 분\n시 분\n업무 종료\n시 분\n시 분\n시 분\n시 분\n시 분\n시 분\n휴게 시간\n시 분\n~ 시 분\n시 분\n~ 시 분\n시 분\n~ 시 분\n시 분\n~ 시 분\n시 분\n~ 시 분\n시 분\n~ 시 분""]",근로시간 휴게시간 FAQ,True,True,145,194
11,근로계약서에 휴일을 어떻게 기재해야 하나?,주휴일과 공휴일 대체공휴일 근로자의 날 등 휴일에 관한 사항을 기재해야 한다,"근로계약서에 휴일을 기재할 때는 다음과 같은 내용을 포함하는 것이 좋습니다:

1. **휴일의 종류**: 법정 공휴일, 주휴일, 연차 유급휴가 등 어떤 종류의 휴일이 포함되는지 명시합니다.

2. **휴일의 수**: 연간 휴일의 총 수를 명시하거나, 주 단위로 몇 일의 휴일이 주어지는지를 기재합니다.

3. **휴일의 지급 방식**: 휴일 근무 시 추가 수당 지급 여부와 그 비율을 명시합니다.

4. **휴일 변경 가능성**: 회사의 사정에 따라 휴일이 변경될 수 있는 경우, 그에 대한 안내를 포함합니다.

5. **연차 유급휴가**: 연차 유급휴가의 발생 기준과 사용 방법에 대해서도 설명합니다.

이러한 내용을 명확히 기재하면 근로자와 사용자 간의 이해를 돕고, 추후 분쟁을 예방하는 데 도움이 됩니다.","근로계약서에 휴일을 기재할 때는 ""근무일/휴일"" 항목에 다음과 같이 명시해야 합니다:

- 매주 일 근무(필요시, 근무요일)
- 주휴일 매주 요일
- 공휴일(대체공휴일 포함)은 근로기준법이 정하는 바에 따르며, 근로자의 날은 유급휴일로 함

또한, 주휴일은 1주간 소정근로일을 모두 근로한 경우에 주당 1일을 유급으로 부여한다고 명시되어 있습니다. 

이와 같은 내용은 ""2025_개정_표준근로계약서_고용노동부"" 문서에서 확인할 수 있습니다. 공식 자료 기준으로 확인해야 할 항목입니다.","[""표준근로계약서(기간의 정함이 있는 경우)"", ""(이하 \""사업주\""라 함)과(와) (이하 \""근로자\""라 함)은 다음과 같이 근로계약을 체결한다.\n1. 근로개시일 : 년 월 일부터\n※ (참고) 근로계약기간을 정하는 경우에는 \"" 년 월 일부터 년 월 일까지\"" 등으로 기재\n2. 근 무 장 소 :\n3. 업무의 내용 :\n4. 소정근로시간 : 시 분 ~ 시 분 (휴게 : 시 분 ~ 시 분) (1일 시간, 1주 시간)\n※ (참고) 18세 미만인 자의 근로시간은 1일 7시간, 1주에 35시간을 초과하지 못함\n5. 근무일/휴일 : 매주 일 근무(필요시, 근무요일 ), 주휴일 매주 요일\n- 공휴일(대체공휴일 포함)은 근로기준법이 정하는 바에 따르며, 근로자의 날은 유급휴일로 함\n6. 임 금\n※ (참고) 연소근로자의 경우에도 고용노동부장관이 매년 고시하는 최저임금을 준수하여야 함\n- 월(일, 시간)급 : 원\n- 상여금 : 있음 ( ) 원, 없음 ( )\n- 그 밖의 수당(약정수당) : 있음 [ ], 없음 [ ]\n· 원, 원\n· 원, 원\n- 임금지급일 : 매월(매주 또는 매일) 일(휴일의 경우는 전날 지급)\n- 지급방법 : 근로자에게 직접(현금)지급 [ ], 근로자 명의 계좌에 입금 [ ]\n7. 연차유급휴가 : 근로기준법에서 정하는 바에 따라 부여함\n8. 가족관계증명서 및 동의서\n- 가족관계기록사항에 관한 증명서 제출 여부:\n- 친권자 또는 후견인의 동의서 구비 여부 :\n9. 사회보험 적용여부\n- 4대 사회보험(고용보험, 산재보험, 국민연금, 건강보험) 적용(가입)을 원칙으로 함\n※ (참고) 적용(가입) 예외에 해당하는 경우에는 적용(가입) 항목 등을 명확히 기재"", ""(이하 \""사업주\""라 함)과(와) (이하 \""근로자\""라 함)은 다음과 같이 근로계약을 체결한다.\n1. 근로계약기간 : 년 월 일부터 년 월 일까지\n2. 근 무 장 소 :\n3. 업무의 내용(직종) :\n4. 소정근로시간 : 시 분 ~ 시 분 (1일 시간, 1주 시간)\n- 휴게시간 : 시 분 ~ 시 분, 시 분 ~ 시 분, 시 분 ~ 시 분\n5. 근무일/휴일 : 매주 일 근무(필요시, 근무요일 ), 주휴일 매주 요일(해당자에 한정함)\n- 공휴일(대체공휴일 포함)은 근로기준법이 정하는 바에 따르며, 근로자의 날은 유급휴일로 함\n※ 주휴일은 1주간 소정근로일을 모두 근로한 경우에 주당 1일을 유급으로 부여\n6. 임 금\n- 일(월, 시간)급 : 원\n- 상여금 : 있음 ( ) 원, 없음 ( )\n- 그 밖의 수당(약정수당) : 있음 [ ], 없음 [ ]\n· 원, 원\n· 원, 원\n- 임금지급일 : 매월(매주 또는 매일) 일(휴일의 경우는 전날 지급)\n- 지급방법 : 근로자에게 직접(현금)지급 [ ], 근로자 명의 계좌에 입금 [ ]\n7. 연차유급휴가 : 연차유급휴가는 근로기준법에서 정하는 바에 따라 부여함\n8. 사회보험 적용여부\n- 4대 사회보험(고용보험, 산재보험, 국민연금, 건강보험) 적용(가입)을 원칙으로 함\n※ (참고) 적용(가입) 예외에 해당하는 경우에는 적용(가입) 항목 등을 명확히 기재\n(예외 사유 해당 여부는 근로복지공단, 국민연금공단, 국민건강보험공단 누리집 참조)\n9. 근로계약서 교부"", ""[문서명] 2025_개정_표준근로계약서_고용노동부\n[처리] RAG용 텍스트 정리본: BOM 제거, 탭 구분자 정리, 과도한 공백/빈 줄 정리\n\n표준근로계약서(기간의 정함이 없는 경우)""]",2025 표준근로계약서,True,True,398,272
12,2026년 최저임금 월급 환산액(주 40시간 기준)은?,2026년 최저임금 시간급 10320원 기준 주 40시간 근무 시 월급 환산액은 2156880원이다,"최저임금은 매년 정부에서 결정되며, 2026년의 최저임금에 대한 정보는 현재로서는 확인할 수 없습니다. 최저임금의 월급 환산액은 주 40시간 근무를 기준으로 계산할 수 있지만, 정확한 수치는 해당 연도의 최저임금이 정해진 후에야 알 수 있습니다. 따라서 2026년 최저임금에 대한 정보는 최신 공식 자료를 확인하시는 것이 좋습니다.","2026년 최저임금 월급 환산액은 2,156,880원입니다. 이는 주 40시간, 월 209시간 기준으로 계산된 금액입니다. 최저임금 시간급은 10,320원으로, 올해 대비 290원(2.9%) 인상되었습니다. (출처: 2026_최저임금_확정고시_고용노동부)","[""[문서명] 2026_최저임금_확정고시_고용노동부\n[처리] RAG용 텍스트 정리본: BOM 제거, 탭 구분자 정리, 과도한 공백/빈 줄 정리\n\n고용노동부 | 보도자료\n보도시점 | 2025. 8. 5.(화) 09:00 | (2025. 8. 5.(화) 석간)\n2026년 적용 최저임금 시간급 10,320원\n- 올해 대비 290원(2.9%) 인상, 월 환산액은 2,156,880원(월 209시간 기준) - 2008년 이후 17년 만에 노사 합의로 결정\n고용노동부(장관 김영훈)는 8월 5일(화), 2026년도 적용 최저임금을 올해보다 290원, 2.9% 인상된 시간급 10,320원으로 확정‧고시했다. 이는 월 환산액 기준으로2,156,880원(주 40시간, 월 209시간 기준)이며, 업종 구분 없이 모든 사업장에 동일하게 적용된다.\n7월 18일부터 7월 28일까지 운영된 이의제기 기간 동안 제기된 이의는 없었다.\n김영훈 장관은 “결정된 최저임금이 현장에서 잘 지켜지도록 지도감독과 정책홍보를 강화하는 한편, 최저임금 제도가 본래 취지를 지키면서, 변화하는 노동시장과현장의 여건을 충실히 반영할 수 있도록 개선 방안을 모색해 나가겠다”라고 덧붙였다.\n담당 부서 | 근로기준정책관 | 책임자 | 과 장 | 김수진 | (044-202-7526)\n| 근로기준정책과 | 담당자 | 사무관 주무관 | 이승철 김형준 | (044-202-7555) (044-202-7535)\n붙임 | | 2026년 적용 최저임금 인포그래픽"", ""(이하 \""사업주\""라 함)과(와) (이하 \""근로자\""라 함)은 다음과 같이 근로계약을 체결한다.\n1. 근로개시일 : 년 월 일부터\n※ (참고) 근로계약기간을 정하는 경우에는 \"" 년 월 일부터 년 월 일까지\"" 등으로 기재\n2. 근 무 장 소 :\n3. 업무의 내용 :\n4. 소정근로시간 : 시 분 ~ 시 분 (휴게 : 시 분 ~ 시 분) (1일 시간, 1주 시간)\n※ (참고) 18세 미만인 자의 근로시간은 1일 7시간, 1주에 35시간을 초과하지 못함\n5. 근무일/휴일 : 매주 일 근무(필요시, 근무요일 ), 주휴일 매주 요일\n- 공휴일(대체공휴일 포함)은 근로기준법이 정하는 바에 따르며, 근로자의 날은 유급휴일로 함\n6. 임 금\n※ (참고) 연소근로자의 경우에도 고용노동부장관이 매년 고시하는 최저임금을 준수하여야 함\n- 월(일, 시간)급 : 원\n- 상여금 : 있음 ( ) 원, 없음 ( )\n- 그 밖의 수당(약정수당) : 있음 [ ], 없음 [ ]\n· 원, 원\n· 원, 원\n- 임금지급일 : 매월(매주 또는 매일) 일(휴일의 경우는 전날 지급)\n- 지급방법 : 근로자에게 직접(현금)지급 [ ], 근로자 명의 계좌에 입금 [ ]\n7. 연차유급휴가 : 근로기준법에서 정하는 바에 따라 부여함\n8. 가족관계증명서 및 동의서\n- 가족관계기록사항에 관한 증명서 제출 여부:\n- 친권자 또는 후견인의 동의서 구비 여부 :\n9. 사회보험 적용여부\n- 4대 사회보험(고용보험, 산재보험, 국민연금, 건강보험) 적용(가입)을 원칙으로 함\n※ (참고) 적용(가입) 예외에 해당하는 경우에는 적용(가입) 항목 등을 명확히 기재"", ""- 주휴일 : 일요일\n- 공휴일(대체공휴일 포함)은 근로기준법이 정하는 바에 따르며, 근로자의 날은 유급휴일로 함\n\nㅇ (예시④) 주 3일, 근로일별 근로시간이 다름\n\n월요일\n화요일\n수요일\n목요일\n금요일\n근로시간\n4시간\n-\n6시간\n-\n5시간\n업무 시작\n14시 00분\n-\n10시 00분\n-\n14시 00분\n업무 종료\n18시 30분\n-\n17시 00분\n-\n20시 00분\n휴게 시간\n16시 00분\n~ 16시 30분\n-\n13시 00분\n~ 14시 00분\n-\n18시 00분\n~ 19시 00분\n\n- 주휴일 : 일요일\n- 공휴일(대체공휴일 포함)은 근로기준법이 정하는 바에 따르며, 근로자의 날은 유급휴일로 함\n\n※ 주의사항\n- 기간제·단시간근로자 주요 근로조건 서면 명시 의무 위반 적발 시 과태료 부과\n(인당 500만원 이하)\n- 사용자가 업무량 변동 등을 이유로 일방적으로 근로시간을 조정하는 것은 허용되지 않으며, 소정근로시간을 변경하려면 근로자와의 합의가 있어야 함"", ""(이하 \""사업주\""라 함)과(와) (이하 \""근로자\""라 함)은 다음과 같이 근로계약을 체결한다.\n1. 근로계약기간 : 년 월 일부터 년 월 일까지\n2. 근 무 장 소 :\n3. 업무의 내용(직종) :\n4. 소정근로시간 : 시 분 ~ 시 분 (1일 시간, 1주 시간)\n- 휴게시간 : 시 분 ~ 시 분, 시 분 ~ 시 분, 시 분 ~ 시 분\n5. 근무일/휴일 : 매주 일 근무(필요시, 근무요일 ), 주휴일 매주 요일(해당자에 한정함)\n- 공휴일(대체공휴일 포함)은 근로기준법이 정하는 바에 따르며, 근로자의 날은 유급휴일로 함\n※ 주휴일은 1주간 소정근로일을 모두 근로한 경우에 주당 1일을 유급으로 부여\n6. 임 금\n- 일(월, 시간)급 : 원\n- 상여금 : 있음 ( ) 원, 없음 ( )\n- 그 밖의 수당(약정수당) : 있음 [ ], 없음 [ ]\n· 원, 원\n· 원, 원\n- 임금지급일 : 매월(매주 또는 매일) 일(휴일의 경우는 전날 지급)\n- 지급방법 : 근로자에게 직접(현금)지급 [ ], 근로자 명의 계좌에 입금 [ ]\n7. 연차유급휴가 : 연차유급휴가는 근로기준법에서 정하는 바에 따라 부여함\n8. 사회보험 적용여부\n- 4대 사회보험(고용보험, 산재보험, 국민연금, 건강보험) 적용(가입)을 원칙으로 함\n※ (참고) 적용(가입) 예외에 해당하는 경우에는 적용(가입) 항목 등을 명확히 기재\n(예외 사유 해당 여부는 근로복지공단, 국민연금공단, 국민건강보험공단 누리집 참조)\n9. 근로계약서 교부""]",2026 최저임금,True,True,185,142
